command,return_code,aggregate,run_index,runs_aggregated,algorithm,log2_n,input_file,initial_keys_loaded,benchmark_cycles,configured_table_size_per_table,configured_max_loop_count,configured_target_total_slots,random_values_consumed,duplicate_candidate_values_skipped,successful_lookups_executed,unsuccessful_lookups_executed,deletions_executed,insertions_executed,remaining_active_keys,elapsed_time_seconds,operations_per_second,successful_lookup_ops,successful_lookup_seconds,successful_lookup_ns_per_op,successful_lookup_cycles_per_op,unsuccessful_lookup_ops,unsuccessful_lookup_seconds,unsuccessful_lookup_ns_per_op,unsuccessful_lookup_cycles_per_op,delete_ops,delete_seconds,delete_ns_per_op,delete_cycles_per_op,insert_ops,insert_seconds,insert_ns_per_op,insert_cycles_per_op,active_keys,occupied_slots_t1,occupied_slots_t2,load_factor,insert_attempts,successful_insertions,duplicate_insertions_ignored,failed_insertions,rehash_attempts,insertions_since_last_rehash,key_displacements,robinhood_swaps,robinhood_probes,maximum_probe_distance,stderr,delete_dropped_ops,delete_filtered_ops,insert_dropped_ops,insert_filtered_ops,successful_lookup_dropped_ops,successful_lookup_filtered_ops,unsuccessful_lookup_dropped_ops,unsuccessful_lookup_filtered_ops
./benchmark_cuckoo_robin DiehardCDROM-master/CD-ROM/ 256 768 1024 64 100000 both 5000,0,mean,-1,2,cuckoo,8.0,DiehardCDROM-master/CD-ROM/,256,768,1024,64,1024,3586,0,768,768,768,1024,256,0.0007,4780360.42,768,9.5e-05,123.59,46.445,768,9.6e-05,124.47,47.88,768,0.0001025,133.025,47.885000000000005,1024,0.000112,109.61,97.77000000000001,256,167,89,,1024,1024,0,0,0,1024,419,,,,,1,767,0,768,0,768,0,768
./benchmark_cuckoo_robin DiehardCDROM-master/CD-ROM/ 256 768 1024 64 100000 both 5000,0,mean,-1,2,robinhood,8.0,DiehardCDROM-master/CD-ROM/,256,768,1024,64,1024,3586,0,768,768,768,1024,256,0.0006185,5379728.880000001,768,8.55e-05,111.02,35.144999999999996,768,9.05e-05,118.33500000000001,50.18,768,9.549999999999999e-05,124.68,57.68000000000001,1024,0.000101,98.965,80.38,256,,,0.25,1024,1024,0,0,,,,71,5399,3,,0,768,0,768,0,768,0,768
./benchmark_cuckoo_robin DiehardCDROM-master/CD-ROM/ 512 1536 2048 64 100000 both 5000,0,mean,-1,2,cuckoo,9.0,DiehardCDROM-master/CD-ROM/,512,1536,2048,64,2048,7142,0,1536,1536,1536,2048,512,0.0006325,10520326.395,1536,9.7e-05,62.974999999999994,26.105,1536,8.5e-05,55.305,24.615000000000002,1536,8.65e-05,56.37,27.14,2048,0.00010449999999999999,51.14,50.5,512,345,167,,2048,2048,0,0,0,2048,886,,,,,0,1536,0,1536,0,1536,0,1536
./benchmark_cuckoo_robin DiehardCDROM-master/CD-ROM/ 512 1536 2048 64 100000 both 5000,0,mean,-1,2,robinhood,9.0,DiehardCDROM-master/CD-ROM/,512,1536,2048,64,2048,7142,0,1536,1536,1536,2048,512,0.000624,10664404.96,1536,8.5e-05,55.395,26.145000000000003,1536,8.850000000000001e-05,57.6,30.700000000000003,1536,9.400000000000001e-05,61.245,38.09,2048,0.000101,49.36,48.545,512,,,0.25,2048,2048,0,0,,,,138,10760,4,,0,1536,0,1536,0,1536,0,1536
./benchmark_cuckoo_robin DiehardCDROM-master/CD-ROM/ 1024 3072 4096 64 100000 both 5000,0,mean,-1,2,cuckoo,10.0,DiehardCDROM-master/CD-ROM/,1024,3072,4096,64,4096,14456,0,3072,3072,3072,4096,1024,0.001681,8669846.85,3072,0.000231,75.215,38.635000000000005,3072,0.000227,74.015,35.81,3072,0.000234,76.285,40.895,4096,0.000273,66.58,69.64,1024,714,310,,4096,4096,0,0,0,4096,1744,,,,,0,3072,0,3072,0,3072,0,3072
./benchmark_cuckoo_robin DiehardCDROM-master/CD-ROM/ 1024 3072 4096 64 100000 both 5000,0,mean,-1,2,robinhood,10.0,DiehardCDROM-master/CD-ROM/,1024,3072,4096,64,4096,14456,0,3072,3072,3072,4096,1024,0.0017125,8421146.675,3072,0.0002325,75.805,39.125,3072,0.00024200000000000003,78.69,45.89,3072,0.000256,83.27,53.955,4096,0.000282,68.845,69.0,1024,,,0.25,4096,4096,0,0,,,,322,21856,4,,0,3072,0,3072,0,3072,0,3072
./benchmark_cuckoo_robin DiehardCDROM-master/CD-ROM/ 2048 6144 8192 64 100000 both 5000,0,mean,-1,2,cuckoo,11.0,DiehardCDROM-master/CD-ROM/,2048,6144,8192,64,8192,28834,0,6144,6144,6144,8192,2048,0.0041205,6494586.03,6144,0.0005735,93.325,32.245000000000005,6144,0.00056,91.155,26.31,6144,0.0005815,94.67500000000001,33.58,8192,0.000673,82.18,65.16,2048,1408,640,,8192,8192,0,0,0,8192,3369,,,,,0,6144,0,6144,0,6144,0,6144
./benchmark_cuckoo_robin DiehardCDROM-master/CD-ROM/ 2048 6144 8192 64 100000 both 5000,0,mean,-1,2,robinhood,11.0,DiehardCDROM-master/CD-ROM/,2048,6144,8192,64,8192,28834,0,6144,6144,6144,8192,2048,0.0031585,8717047.280000001,6144,0.0004365,71.07,9.755,6144,0.000454,73.96000000000001,15.295000000000002,6144,0.00047400000000000003,77.16,22.365000000000002,8192,0.000509,62.145,34.09,2048,,,0.25,8192,8192,0,0,,,,641,43722,4,,1,6143,0,6144,0,6144,2,6142
./benchmark_cuckoo_robin DiehardCDROM-master/CD-ROM/ 4096 12288 16384 64 100000 both 5000,0,mean,-1,2,cuckoo,12.0,DiehardCDROM-master/CD-ROM/,4096,12288,16384,64,16384,57368,0,12288,12288,12288,16384,4096,0.005416,9924081.775,12288,0.00076,61.864999999999995,24.965,12288,0.0007425,60.425,21.54,12288,0.0007620000000000001,61.995000000000005,25.810000000000002,16384,0.000876,53.465,47.4,4096,2782,1314,,16384,16384,0,0,0,16384,6866,,,,,0,12288,1,12287,2,12286,0,12288
./benchmark_cuckoo_robin DiehardCDROM-master/CD-ROM/ 4096 12288 16384 64 100000 both 5000,0,mean,-1,2,robinhood,12.0,DiehardCDROM-master/CD-ROM/,4096,12288,16384,64,16384,57368,0,12288,12288,12288,16384,4096,0.0050395,10567425.295,12288,0.0006965,56.675,19.48,12288,0.000712,57.95,23.785,12288,0.0007565,61.565,29.79,16384,0.0008015,48.94,38.945,4096,,,0.25,16384,16384,0,0,,,,1116,87043,4,,0,12288,0,12288,1,12287,0,12288
./benchmark_cuckoo_robin DiehardCDROM-master/CD-ROM/ 8192 24576 32768 64 100000 both 5000,0,mean,-1,2,cuckoo,13.0,DiehardCDROM-master/CD-ROM/,8192,24576,32768,64,32768,114629,0,24576,24576,24576,32768,8192,0.0105415,10108093.295,24576,0.0014375,58.495000000000005,34.625,24576,0.0014095,57.35,31.13,24576,0.0014559999999999998,59.235,35.665,32768,0.00167,50.96,56.614999999999995,8192,5574,2618,,32768,32768,0,0,0,32768,13955,,,,,0,24576,0,24576,1,24575,0,24576
./benchmark_cuckoo_robin DiehardCDROM-master/CD-ROM/ 8192 24576 32768 64 100000 both 5000,0,mean,-1,2,robinhood,13.0,DiehardCDROM-master/CD-ROM/,8192,24576,32768,64,32768,114629,0,24576,24576,24576,32768,8192,0.010017999999999999,10631151.655000001,24576,0.0013565,55.18,30.78,24576,0.0014075,57.26,35.245000000000005,24576,0.0014665,59.68000000000001,41.205,32768,0.0015645,47.745000000000005,49.925,8192,,,0.25,32768,32768,0,0,,,,2395,173950,4,,0,24576,0,24576,1,24575,2,24574
./benchmark_cuckoo_robin DiehardCDROM-master/CD-ROM/ 16384 49152 65536 64 100000 both 5000,0,mean,-1,2,cuckoo,14.0,DiehardCDROM-master/CD-ROM/,16384,49152,65536,64,65536,229404,1,49152,49152,49152,65536,16384,0.021581000000000003,9869607.969999999,49152,0.0028104999999999996,57.175,36.91,49152,0.0027654999999999997,56.26,34.0,49152,0.002848,57.94,37.644999999999996,65536,0.0032975,50.32,58.195,16384,11214,5170,,65536,65536,0,0,0,65536,27260,,,,,1,49151,3,49149,2,49150,4,49148
./benchmark_cuckoo_robin DiehardCDROM-master/CD-ROM/ 16384 49152 65536 64 100000 both 5000,0,mean,-1,2,robinhood,14.0,DiehardCDROM-master/CD-ROM/,16384,49152,65536,64,65536,229404,1,49152,49152,49152,65536,16384,0.0210105,10137290.254999999,49152,0.0027235000000000002,55.415000000000006,35.275,49152,0.0028425,57.825,40.834999999999994,49152,0.002973,60.485,46.24,65536,0.0031685000000000003,48.349999999999994,55.11,16384,,,0.25,65536,65536,0,0,,,,4800,347634,5,,1,49151,1,49151,0,49152,0,49152
./benchmark_cuckoo_robin DiehardCDROM-master/CD-ROM/ 32768 98304 131072 64 100000 both 5000,0,mean,-1,2,cuckoo,15.0,DiehardCDROM-master/CD-ROM/,32768,98304,131072,64,131072,458815,2,98304,98304,98304,131072,32768,0.048874,8716092.594999999,98304,0.005974,60.769999999999996,45.26,98304,0.005996,60.995000000000005,45.935,98304,0.006000999999999999,61.05,46.335,131072,0.007131500000000001,54.405,72.15,32768,22444,10324,,131072,131072,0,0,0,131072,54837,,,,,2,98302,2,98302,4,98300,0,98304
./benchmark_cuckoo_robin DiehardCDROM-master/CD-ROM/ 32768 98304 131072 64 100000 both 5000,0,mean,-1,2,robinhood,15.0,DiehardCDROM-master/CD-ROM/,32768,98304,131072,64,131072,458815,2,98304,98304,98304,131072,32768,0.048996,8694699.84,98304,0.0060085,61.120000000000005,45.755,98304,0.0062945,64.03,52.56,98304,0.006540000000000001,66.53,57.459999999999994,131072,0.0069169999999999995,52.775,66.66499999999999,32768,,,0.25,131072,131072,0,0,,,,9406,695971,6,,3,98301,1,98303,1,98303,1,98303
./benchmark_cuckoo_robin DiehardCDROM-master/CD-ROM/ 65536 196608 262144 64 100000 both 5000,0,mean,-1,2,cuckoo,16.0,DiehardCDROM-master/CD-ROM/,65536,196608,262144,64,262144,917366,14,196608,196608,196608,262144,65536,0.1075175,7924154.050000001,196608,0.0131195,66.72999999999999,60.635000000000005,196608,0.013098,66.62,59.94,196608,0.0132515,67.4,61.89,262144,0.015694,59.870000000000005,90.44999999999999,65536,44748,20788,,262144,262144,0,0,0,262144,110948,,,,,1,196607,5,196603,4,196604,5,196603
./benchmark_cuckoo_robin DiehardCDROM-master/CD-ROM/ 65536 196608 262144 64 100000 both 5000,0,mean,-1,2,robinhood,16.0,DiehardCDROM-master/CD-ROM/,65536,196608,262144,64,262144,917366,14,196608,196608,196608,262144,65536,0.1062095,8021564.46,196608,0.012797,65.09,57.26,196608,0.013346,67.88,63.56,196608,0.0138935,70.66499999999999,69.12,262144,0.0146485,55.879999999999995,78.15,65536,,,0.25,262144,262144,0,0,,,,19191,1392427,6,,4,196604,2,196606,3,196605,2,196606
./benchmark_cuckoo_robin DiehardCDROM-master/CD-ROM/ 131072 393216 524288 64 100000 both 5000,0,mean,-1,2,cuckoo,17.0,DiehardCDROM-master/CD-ROM/,131072,393216,524288,64,524288,1833665,47,393216,393216,393216,524288,131072,0.2265665,7525178.824999999,393216,0.0278375,70.795,68.46000000000001,393216,0.0270645,68.83,64.035,393216,0.028139,71.565,69.97,524288,0.033134,63.2,98.75,131072,89495,41577,,524288,524288,0,0,0,524288,221330,,,,,12,393204,17,393199,10,393206,14,393202
./benchmark_cuckoo_robin DiehardCDROM-master/CD-ROM/ 131072 393216 524288 64 100000 both 5000,0,mean,-1,2,robinhood,17.0,DiehardCDROM-master/CD-ROM/,131072,393216,524288,64,524288,1833665,47,393216,393216,393216,524288,131072,0.222983,7646633.890000001,393216,0.026892,68.38499999999999,63.16,393216,0.027812999999999997,70.735,68.675,393216,0.028968,73.67,74.71000000000001,524288,0.0305345,58.239999999999995,83.83,131072,,,0.25,524288,524288,0,0,,,,37439,2782197,6,,11,393205,4,393212,9,393207,4,393212
./benchmark_cuckoo_robin DiehardCDROM-master/CD-ROM/ 262144 786432 1048576 64 100000 both 5000,0,mean,-1,2,cuckoo,18.0,DiehardCDROM-master/CD-ROM/,262144,786432,1048576,64,1048576,3667763,202,786432,786432,786432,1048576,262144,0.481732,7074263.095,786432,0.0583855,74.24000000000001,77.185,786432,0.056045,71.265,70.42,786432,0.0590095,75.035,78.89,1048576,0.0692695,66.06,108.31,262144,179481,82663,,1048576,1048576,0,0,0,1048576,442765,,,,,18,786414,24,786408,10,786422,15,786417
./benchmark_cuckoo_robin DiehardCDROM-master/CD-ROM/ 262144 786432 1048576 64 100000 both 5000,0,mean,-1,2,robinhood,18.0,DiehardCDROM-master/CD-ROM/,262144,786432,1048576,64,1048576,3667763,202,786432,786432,786432,1048576,262144,0.4667175,7301792.404999999,786432,0.0543475,69.105,65.905,786432,0.0560625,71.285,70.825,786432,0.05844,74.315,77.15,1048576,0.061656,58.8,86.24000000000001,262144,,,0.25,1048576,1048576,0,0,,,,74217,5557367,6,,14,786418,22,786410,13,786419,15,786417
./benchmark_cuckoo_robin DiehardCDROM-master/CD-ROM/ 524288 1572864 2097152 64 100000 both 5000,0,mean,-1,2,cuckoo,19.0,DiehardCDROM-master/CD-ROM/,524288,1572864,2097152,64,2097152,7341261,848,1572864,1572864,1572864,2097152,524288,1.1363915,5998449.415,1572864,0.1250015,79.475,87.94999999999999,1572864,0.12148049999999999,77.235,82.825,1572864,0.12625150000000002,80.27,89.725,2097152,0.1540205,73.44,126.09,524288,358358,165930,,2097152,2097152,0,0,0,2097152,886016,,,,,53,1572811,60,1572804,43,1572821,40,1572824
./benchmark_cuckoo_robin DiehardCDROM-master/CD-ROM/ 524288 1572864 2097152 64 100000 both 5000,0,mean,-1,2,robinhood,19.0,DiehardCDROM-master/CD-ROM/,524288,1572864,2097152,64,2097152,7341261,848,1572864,1572864,1572864,2097152,524288,1.1965705,5732822.895,1572864,0.1271815,80.86,90.64,1572864,0.1326275,84.32499999999999,98.465,1572864,0.13599450000000002,86.46,102.775,2097152,0.151496,72.24000000000001,115.375,524288,,,0.25,2097152,2097152,0,0,,,,148513,11128271,6,,45,1572819,51,1572813,45,1572819,36,1572828
./benchmark_cuckoo_robin DiehardCDROM-master/CD-ROM/ 1048576 3145728 4194304 64 100000 both 5000,0,mean,-1,2,cuckoo,20.0,DiehardCDROM-master/CD-ROM/,1048576,3145728,4194304,64,4194304,14682881,3348,3145728,3145728,3145728,4194304,1048576,3.19712,4263739.43,3145728,0.29363,93.34,119.14,3145728,0.31188,99.145,131.64499999999998,3145728,0.29605400000000004,94.11500000000001,120.815,4194304,0.4038955,96.295,187.95999999999998,1048576,717804,330772,,4194304,4194304,0,0,0,4194304,1769649,,,,,76,3145652,125,3145603,69,3145659,79,3145649
./benchmark_cuckoo_robin DiehardCDROM-master/CD-ROM/ 1048576 3145728 4194304 64 100000 both 5000,0,mean,-1,2,robinhood,20.0,DiehardCDROM-master/CD-ROM/,1048576,3145728,4194304,64,4194304,14682881,3348,3145728,3145728,3145728,4194304,1048576,3.0406250000000004,4483821.46,3145728,0.2793595,88.805,109.235,3145728,0.2949645,93.76499999999999,120.285,3145728,0.2987915,94.985,122.57,4194304,0.33986649999999996,81.03,137.255,1048576,,,0.25,4194304,4194304,0,0,,,,296920,22234249,8,,82,3145646,71,3145657,61,3145667,55,3145673
./benchmark_cuckoo_robin DiehardCDROM-master/CD-ROM/ 2097152 6291456 8388608 64 100000 both 5000,0,mean,-1,2,cuckoo,21.0,DiehardCDROM-master/CD-ROM/,2097152,6291456,8388608,64,8388608,29384336,13355,6291456,6291456,6291456,8388608,2097152,8.246809500000001,3306026.17,6291456,0.7566935,120.27,177.945,6291456,0.8090554999999999,128.595,196.005,6291456,0.7625435,121.205,179.825,8388608,1.0430655,124.345,269.975,2097152,1433918,663234,,8388608,8388608,0,0,0,8388608,3536455,,,,,235,6291221,388,6291068,244,6291212,255,6291201
./benchmark_cuckoo_robin DiehardCDROM-master/CD-ROM/ 2097152 6291456 8388608 64 100000 both 5000,0,mean,-1,2,robinhood,21.0,DiehardCDROM-master/CD-ROM/,2097152,6291456,8388608,64,8388608,29384336,13355,6291456,6291456,6291456,8388608,2097152,7.74899,3518977.08,6291456,0.7167065,113.92,164.135,6291456,0.7490725,119.06,175.51,6291456,0.7580425,120.49000000000001,178.115,8388608,0.8437239999999999,100.58,194.98000000000002,2097152,,,0.25,8388608,8388608,0,0,,,,593406,44473599,7,,197,6291259,202,6291254,187,6291269,171,6291285
./benchmark_cuckoo_robin DiehardCDROM-master/CD-ROM/ 4194304 12582912 16777216 64 100000 both 5000,0,mean,-1,2,cuckoo,22.0,DiehardCDROM-master/CD-ROM/,4194304,12582912,16777216,64,16777216,58830531,53611,12582912,12582912,12582912,16777216,4194304,18.873337499999998,2889048.75,12582912,1.805196,143.46499999999997,228.905,12582912,1.84555,146.675,235.515,12582912,1.8160595000000002,144.32999999999998,230.75,16777216,2.4677559999999996,147.09,339.695,4194304,2869885,1324419,,16777216,16777216,0,0,0,16777216,7064505,,,,,454,12582458,694,12582218,523,12582389,520,12582392
./benchmark_cuckoo_robin DiehardCDROM-master/CD-ROM/ 4194304 12582912 16777216 64 100000 both 5000,0,mean,-1,2,robinhood,22.0,DiehardCDROM-master/CD-ROM/,4194304,12582912,16777216,64,16777216,58830531,53611,12582912,12582912,12582912,16777216,4194304,17.8334775,3057510.12,12582912,1.69607,134.79,209.8,12582912,1.7474135,138.87,218.90499999999997,12582912,1.7794305000000001,141.415,224.015,16777216,1.9432865000000001,115.83,242.95,4194304,,,0.25,16777216,16777216,0,0,,,,1187092,88896183,7,,605,12582307,655,12582257,581,12582331,585,12582327
